accuracy,auc,loss,precision,recall,val_accuracy,val_auc,val_loss,val_precision,val_recall,learning_rate
0.8570293188095093,0.8348098397254944,0.3405981659889221,0.8684061169624329,0.2435813993215561,0.8636385202407837,0.8634414672851562,0.3161180019378662,0.9201834797859192,0.26644352078437805,0.0010000000474974513
0.8637171983718872,0.8607344031333923,0.31573382019996643,0.8792775869369507,0.2825778126716614,0.8696418404579163,0.8744115233421326,0.3020736277103424,0.8826988339424133,0.31904155015945435,0.0010000000474974513
0.867798388004303,0.8684383630752563,0.30760177969932556,0.8610721230506897,0.31768253445625305,0.7961854934692383,0.8660104870796204,0.3455238342285156,0.4559679925441742,0.6780894994735718,0.0010000000474974513
0.8702877759933472,0.8722589015960693,0.3028721511363983,0.8714743256568909,0.32872000336647034,0.871250331401825,0.8794792890548706,0.30582404136657715,0.8484377264976501,0.3476782441139221,0.0010000000474974513
0.8709101676940918,0.8743875622749329,0.30039510130882263,0.874049961566925,0.33145612478256226,0.8714227080345154,0.8793150186538696,0.305732399225235,0.814387321472168,0.3711082637310028,0.0010000000474974513
0.8712141513824463,0.8764026165008545,0.29820573329925537,0.8725810050964355,0.33417895436286926,0.868243932723999,0.8787259459495544,0.30852580070495605,0.7833389043807983,0.3716926872730255,0.0010000000474974513
0.8716018795967102,0.8776256442070007,0.29698702692985535,0.8720866441726685,0.33695492148399353,0.8060377240180969,0.8592768907546997,0.39748018980026245,0.4727762043476105,0.6624694466590881,0.0010000000474974513
0.8736245632171631,0.8827958703041077,0.2904312312602997,0.8738490343093872,0.3491612374782562,0.8731077909469604,0.8862451910972595,0.2909342646598816,0.809767484664917,0.38672828674316406,0.0005000000237487257
0.87398362159729,0.8842961192131042,0.2888036072254181,0.8705043196678162,0.35330525040626526,0.8774738311767578,0.8843411207199097,0.2903538942337036,0.8214018940925598,0.4090425968170166,0.0005000000237487257
0.8740553855895996,0.8848475813865662,0.2880847156047821,0.8712868094444275,0.3533450961112976,0.8748599886894226,0.8870362043380737,0.28941813111305237,0.8665562272071838,0.36122623085975647,0.0005000000237487257
0.874586820602417,0.8857053518295288,0.28712284564971924,0.8682881593704224,0.3584720194339752,0.8757120966911316,0.8874040842056274,0.28734439611434937,0.9073789715766907,0.3456062078475952,0.0005000000237487257
0.8744958639144897,0.8858189582824707,0.2870044708251953,0.8701298832893372,0.35685160756111145,0.8754344582557678,0.8872821927070618,0.2866702675819397,0.9288665652275085,0.3343959152698517,0.0005000000237487257
0.874591588973999,0.8864985704421997,0.28643712401390076,0.8691516518592834,0.3580204248428345,0.8704843521118164,0.8828035593032837,0.29256248474121094,0.9311187267303467,0.30379343032836914,0.0005000000237487257
0.8747543692588806,0.8870264887809753,0.28565916419029236,0.8707022070884705,0.3582196533679962,0.8751376271247864,0.8891588449478149,0.28665950894355774,0.8642722368240356,0.36436086893081665,0.0005000000237487257
0.8750248551368713,0.8870028257369995,0.2856229841709137,0.8691534996032715,0.360849529504776,0.8763248920440674,0.8909620046615601,0.2838585674762726,0.8624033331871033,0.37328657507896423,0.0005000000237487257
0.8750990629196167,0.887247622013092,0.28534743189811707,0.8649442791938782,0.3637317419052124,0.8750897645950317,0.8890969157218933,0.2873273193836212,0.873996376991272,0.35856977105140686,0.0005000000237487257
0.8751301765441895,0.8876557946205139,0.2848953604698181,0.8668528199195862,0.3628418445587158,0.8742471933364868,0.8889490365982056,0.2851777970790863,0.7897900938987732,0.41180533170700073,0.0005000000237487257
0.875314474105835,0.8877556920051575,0.2849247455596924,0.8661342859268188,0.364462286233902,0.8762004375457764,0.8904145956039429,0.2835901975631714,0.8909235596656799,0.3567102253437042,0.0005000000237487257
0.8753743171691895,0.8879303336143494,0.28472983837127686,0.8601067066192627,0.36838051676750183,0.8764302134513855,0.8895398378372192,0.28559964895248413,0.8595041036605835,0.3757305145263672,0.0005000000237487257
0.8752378821372986,0.8883565068244934,0.2842327654361725,0.8627665638923645,0.36591002345085144,0.8801738619804382,0.8913499116897583,0.28454092144966125,0.9234591126441956,0.3653703033924103,0.0005000000237487257
0.8756399750709534,0.8883861303329468,0.2840002477169037,0.8610329031944275,0.3695891797542572,0.8773589134216309,0.8918885588645935,0.28223302960395813,0.9022073745727539,0.35830411314964294,0.0005000000237487257
0.8755011558532715,0.8885799646377563,0.28396937251091003,0.8597792983055115,0.3694165050983429,0.8721312284469604,0.8896784782409668,0.28673842549324036,0.7630642056465149,0.42126235365867615,0.0005000000237487257
0.8757548928260803,0.8889691233634949,0.2835847735404968,0.8578336834907532,0.37227216362953186,0.8798674941062927,0.8914510011672974,0.2861042618751526,0.8412922620773315,0.41090214252471924,0.0005000000237487257
0.8757692575454712,0.8890463709831238,0.2835749089717865,0.8566592335700989,0.37308239936828613,0.8658406734466553,0.8879587650299072,0.289080411195755,0.7002497911453247,0.446817547082901,0.0005000000237487257
0.87602299451828,0.8892914056777954,0.2832251489162445,0.8575124144554138,0.37425121665000916,0.8698716163635254,0.8894256949424744,0.28412702679634094,0.7432344555854797,0.424609512090683,0.0005000000237487257
0.876166582107544,0.8889971375465393,0.2834412157535553,0.8559770584106445,0.37615057826042175,0.8615225553512573,0.8866877555847168,0.29527369141578674,0.6594250798225403,0.478960782289505,0.0005000000237487257
0.8783472180366516,0.8930380344390869,0.27855631709098816,0.8576482534408569,0.3896319568157196,0.8648449182510376,0.8884443044662476,0.2916983664035797,0.7036876678466797,0.431888222694397,0.0002500000118743628
0.8798169493675232,0.8945156335830688,0.27676674723625183,0.8542973399162292,0.40161246061325073,0.8762195706367493,0.8902392983436584,0.28311485052108765,0.7848443984985352,0.4314100444316864,0.0002500000118743628
0.8811550140380859,0.8954563140869141,0.27535074949264526,0.8571786880493164,0.40862542390823364,0.8730982542037964,0.8903656005859375,0.2814677059650421,0.7629888653755188,0.42912548780441284,0.0002500000118743628
0.8824451565742493,0.8962006568908691,0.2743249535560608,0.8596274256706238,0.41555872559547424,0.8884654641151428,0.8966309428215027,0.2733348608016968,0.912194013595581,0.42168739438056946,0.0002500000118743628
0.8835342526435852,0.8970764875411987,0.27288818359375,0.8637493252754211,0.41999495029449463,0.8588703870773315,0.888796865940094,0.3029472231864929,0.6603803038597107,0.4464987814426422,0.0002500000118743628
0.8842188715934753,0.8976811766624451,0.2722213864326477,0.8653005957603455,0.42346158623695374,0.8648545145988464,0.8882423639297485,0.2966810166835785,0.6985908150672913,0.4398576021194458,0.0002500000118743628
0.8850542306900024,0.8979893326759338,0.27125850319862366,0.8692449331283569,0.4263039827346802,0.8727152347564697,0.8909512758255005,0.2812482714653015,0.7597744464874268,0.4294973909854889,0.0002500000118743628
0.8858752846717834,0.8986006379127502,0.2703339755535126,0.8747726678848267,0.42800408601760864,0.8593778610229492,0.8873430490493774,0.30156409740448,0.6631163954734802,0.4465519189834595,0.0002500000118743628
0.8859303593635559,0.8987748622894287,0.2700812518596649,0.8757069706916809,0.42775171995162964,0.8896527290344238,0.9000136852264404,0.2687833905220032,0.9272748827934265,0.42067793011665344,0.0002500000118743628
0.887129545211792,0.8994215130805969,0.26875635981559753,0.880418598651886,0.4324270486831665,0.8922761678695679,0.9010990262031555,0.2691546380519867,0.9446728825569153,0.4272659718990326,0.0002500000118743628
0.8867561221122742,0.8993162512779236,0.2689834535121918,0.8798913955688477,0.4303683042526245,0.8775121569633484,0.9003375768661499,0.27766168117523193,0.9573661088943481,0.3352459967136383,0.0002500000118743628
0.886404275894165,0.8988271355628967,0.2695906162261963,0.8802601099014282,0.4278712570667267,0.8807004690170288,0.8943197727203369,0.27247658371925354,0.8013452291488647,0.44942089915275574,0.0002500000118743628
0.8876346349716187,0.900128185749054,0.26775261759757996,0.8824751973152161,0.4343396723270416,0.8509713411331177,0.8767922520637512,0.5900910496711731,0.604935884475708,0.49877801537513733,0.0002500000118743628
0.8874766230583191,0.8995888829231262,0.2683252692222595,0.8844689726829529,0.43205514550209045,0.8796472549438477,0.8933268189430237,0.2754007577896118,0.791658878326416,0.4508022665977478,0.0002500000118743628
0.892979621887207,0.9062440991401672,0.25833582878112793,0.8959266543388367,0.4595359265804291,0.874936580657959,0.8921907544136047,0.2856588363647461,0.7449812889099121,0.4653065502643585,0.0001250000059371814
0.8940544128417969,0.9072215557098389,0.256963849067688,0.9010651111602783,0.4629494249820709,0.895244300365448,0.9034283757209778,0.2621535062789917,0.9487529993057251,0.44262033700942993,0.0001250000059371814
0.893920361995697,0.9077050685882568,0.2565497159957886,0.9028615951538086,0.460970401763916,0.8984039425849915,0.9110734462738037,0.2559483051300049,0.9546008110046387,0.45802783966064453,0.0001250000059371814
0.8944661021232605,0.9084795713424683,0.255409300327301,0.904900312423706,0.46306896209716797,0.8980400562286377,0.9073752164840698,0.2628839612007141,0.9583847522735596,0.4539368748664856,0.0001250000059371814
0.8948777914047241,0.90903639793396,0.25456300377845764,0.9039660096168518,0.4662168323993683,0.8999549746513367,0.9092118144035339,0.25811633467674255,0.9366850852966309,0.47710126638412476,0.0001250000059371814
0.8944613337516785,0.908715009689331,0.25524675846099854,0.9036799073219299,0.46381276845932007,0.8988443613052368,0.9144848585128784,0.25967568159103394,0.9540305733680725,0.4608968198299408,0.0001250000059371814
0.8954116106033325,0.909925639629364,0.25348180532455444,0.9053447246551514,0.46864748001098633,0.899907112121582,0.9116805195808411,0.25592049956321716,0.9420963525772095,0.47370100021362305,0.0001250000059371814
0.8956006765365601,0.9103150963783264,0.25312796235084534,0.9066608548164368,0.46897953748703003,0.8951868414878845,0.9023094177246094,0.264100581407547,0.9082425832748413,0.46541282534599304,0.0001250000059371814
0.8976927399635315,0.9134869575500488,0.24814265966415405,0.9136756658554077,0.47741371393203735,0.9004911780357361,0.9167245626449585,0.2527889311313629,0.9602490067481995,0.46716609597206116,6.25000029685907e-05
0.8980757594108582,0.9141462445259094,0.24695304036140442,0.9125838875770569,0.48045530915260315,0.9006922245025635,0.9104452729225159,0.26107534766197205,0.9583423733711243,0.4693443775177002,6.25000029685907e-05
